<?xml version="1.0" encoding="UTF-8"?>
<project-private xmlns="http://www.netbeans.org/ns/project-private/1">
    <editor-bookmarks xmlns="http://www.netbeans.org/ns/editor-bookmarks/2" lastBookmarkId="0"/>
    <open-files xmlns="http://www.netbeans.org/ns/projectui-open-files/2">
        <group>
            <file>file:/C:/Users/alexb/Documents/NetBeansProjects/DatabaseInventory/DatabaseInventory/DatabaseInvPatc/src/databaseinvpatc/ShowTable.java</file>
            <file>file:/C:/Users/alexb/Documents/NetBeansProjects/DatabaseInventory/DatabaseInventory/DatabaseInvPatc/src/databaseinvpatc/DataConnect.java</file>
            <file>file:/C:/Users/alexb/Documents/NetBeansProjects/DatabaseInventory/DatabaseInventory/DatabaseInvPatc/src/databaseinvpatc/Register.java</file>
            <file>file:/C:/Users/alexb/Documents/NetBeansProjects/DatabaseInventory/DatabaseInventory/DatabaseInvPatc/src/databaseinvpatc/SelectOption.java</file>
            <file>file:/C:/Users/alexb/Documents/NetBeansProjects/DatabaseInventory/DatabaseInventory/DatabaseInvPatc/src/databaseinvpatc/Login.java</file>
            <file>file:/C:/Users/alexb/Documents/NetBeansProjects/DatabaseInventory/DatabaseInventory/DatabaseInvPatc/src/databaseinvpatc/SecurePass.java</file>
            <file>file:/C:/Users/alexb/Documents/NetBeansProjects/DatabaseInventory/DatabaseInventory/DatabaseInvPatc/src/databaseinvpatc/InvDetails.java</file>
        </group>
    </open-files>
</project-private>
